id,text
101.jpg, 
102.jpg, 
102.jpg, 
104.jpg, 
105.jpg, 
109.jpg,INVOICE
109.jpg, 
109.jpg, 
109.jpg,we
109.jpg,Tora
114.jpg,Invoice
114.jpg, 
114.jpg, 
114.jpg,‘Your
114.jpg,Company
114.jpg,Name
114.jpg,‘estos
114.jpg,ino?
114.jpg,(ty.
114.jpg,Invoice
114.jpg,Date:
114.jpg,140032024
114.jpg,Invoice
114.jpg,Number:
114.jpg,1234
114.jpg,Cent
114.jpg,Reference
114.jpg,To
114.jpg,Purchase
114.jpg,Order
114.jpg,customer
114.jpg,Company
114.jpg,DUE
114.jpg,DATE:
114.jpg,1802021
114.jpg,customer
114.jpg,Name
114.jpg,(Cy.
114.jpg,Poste
114.jpg,‘Additional
114.jpg,information
114.jpg,ad
114.jpg,any
114.jpg,acinal
114.jpg,nstucters
114.jpg,res
114.jpg,nee
114.jpg,Description
114.jpg,VAT
114.jpg,VAT
114.jpg,Total
114.jpg,rs)
114.jpg,2%
114.jpg,£6000
114.jpg,£30000
114.jpg,Exampe
114.jpg,wort
114.jpg,woh
114.jpg,ao
114.jpg,21000
114.jpg,‘sub
114.jpg,Total
114.jpg,€125000
114.jpg,TotalvaT
114.jpg, €
114.jpg,27000
114.jpg,Total
114.jpg,amount
114.jpg,due
114.jpg,€
114.jpg,1
114.jpg,"620,00"
114.jpg,ages
114.jpg,ues
114.jpg,toma
114.jpg,Paper
114.jpg,te
114.jpg,Sea
114.jpg,one
114.jpg,Baca
114.jpg,PC
114.jpg,ty
114.jpg,38
116.jpg,INVOICE
116.jpg,THE
116.jpg,DESIGN
116.jpg,STUDIO
116.jpg, 
116.jpg,2)
116.jpg,489
116.jpg,2901
116.jpg,|
116.jpg,wwwthedesignstudio.com
116.jpg,|
116.jpg,Los
116.jpg,Angeles.
116.jpg,California
116.jpg,AMANDA
116.jpg,RICHARDSON
116.jpg,2nd
116.jpg,Avenue
116.jpg,corner
116.jpg,125
116.jpg,West
116.jpg,Brooke
116.jpg,Drive
116.jpg,Los
116.jpg,Angeles.
116.jpg,California
116.jpg,90478
116.jpg,United
116.jpg,States
116.jpg,of
116.jpg,America
116.jpg, 
116.jpg,10s
116.jpg,000315
116.jpg,DATE
116.jpg,ISSUED:
116.jpg,october
116.jpg,15.
116.jpg,2019
116.jpg,12x18
116.jpg,Sheet
116.jpg,2
116.jpg,$8.00
116.jpg,$1600
116.jpg,Colored
116.jpg,Vinyl
116.jpg, 
116.jpg, 
116.jpg, 
116.jpg,Colored
116.jpg,5
116.jpg,$200
116.jpg,si0.00
116.jpg,€2800
116.jpg,Print
116.jpg,5x1
116.jpg,sew
116.jpg,2
116.jpg,$100
116.jpg,$200
116.jpg,2800
116.jpg,Print
116.jpg,SHIPPING
116.jpg,FEE
116.jpg,$2.00
116.jpg,SERVICE
116.jpg,TAX
116.jpg,$2.04
116.jpg,AMOUNT
116.jpg,DUE
116.jpg,$3200
118.jpg, 
118.jpg,FROM:
118.jpg,INVOICE
118.jpg,(0079
118.jpg,NOVEMBER
118.jpg,"24,"
118.jpg,2010
118.jpg,TO:
118.jpg, 
118.jpg,YOUR
118.jpg,NAME
118.jpg,124
118.jpg,STREETNAME
118.jpg,"1294867,"
118.jpg,USA
118.jpg,(923)
118.jpg,129-4867
118.jpg,‘wen
118.jpg,yourcompany
118.jpg,com
118.jpg,FOR:
118.jpg,NAME
118.jpg,‘CLENTCOMPANY
118.jpg,9876
118.jpg,STREETNAME
118.jpg,"768912,"
118.jpg,USA
118.jpg,(21)
118.jpg,6754-123
118.jpg,‘ww
118.jpg,thercompany
118.jpg,com
118.jpg, 
118.jpg, 
118.jpg,Rum.
118.jpg,Goods
118.jpg,SOME
118.jpg,SERVICE
118.jpg,ITEM
118.jpg,SOLD
118.jpg,ANOTHER
118.jpg,SERVICE
118.jpg,TOTAL:
118.jpg,Price
118.jpg,2009
118.jpg,29.99
118.jpg,45.00
118.jpg,48.00
118.jpg,55.00
118.jpg,58.00
118.jpg,$129”
118.jpg, 
118.jpg, 
119.jpg,Berks
119.jpg,2OHOCORP
119.jpg,INVOICE
119.jpg,oo
119.jpg,Site
119.jpg,210
119.jpg, 
119.jpg,atte
119.jpg,shite:
119.jpg,Invoice
119.jpg,Amount
119.jpg,Com
119.jpg,$1564.81
119.jpg,#4900
119.jpg,Hopyrd
119.jpg,"Re,"
119.jpg,Peasanton
119.jpg,CADSEQUSA
119.jpg,Pleasanton
119.jpg,CASHSEBUSA
119.jpg,OR
119.jpg,Terms
119.jpg,Due
119.jpg,Date
119.jpg,0029183
119.jpg,2013
119.jpg,hy
119.jpg,=
119.jpg, 
119.jpg,too
119.jpg,art
119.jpg,cso
119.jpg,cet
119.jpg,Mees
119.jpg,100
119.jpg,$8333
119.jpg,$8338
119.jpg,soem
119.jpg,sie
119.jpg,"ac,"
119.jpg,Zorolnice
119.jpg,toons
119.jpg,96
119.jpg,‘Tanto
119.jpg,orbs
119.jpg,156408
119.jpg,of
119.jpg,tsi
119.jpg,bso
119.jpg,Te
119.jpg,edi
119.jpg,incon
119.jpg,“ent
119.jpg,eres
119.jpg,did
119.jpg,ets
119.jpg,Caer
119.jpg,Fr
119.jpg,te
119.jpg,Sere
119.jpg,ee
119.jpg,erm
119.jpg,shel
119.jpg,pr
121.jpg,Brubaker
121.jpg,"9.0,"
121.jpg,Productions
121.jpg, 
121.jpg,  
121.jpg, 
121.jpg, 
121.jpg,INVOICE
121.jpg,#
121.jpg,0018
121.jpg, 
121.jpg, 
121.jpg, 
121.jpg, 
121.jpg, 
121.jpg,on
121.jpg,Price
121.jpg, 
121.jpg, 
121.jpg,Thank
121.jpg,you
121.jpg,very
121.jpg,much!
122.jpg,  
122.jpg,INVOICE
122.jpg, 
123.jpg, 
123.jpg,   
123.jpg,INVOICE
123.jpg, 
123.jpg, 
123.jpg,   
123.jpg,  
126.jpg, 
126.jpg,  
126.jpg, 
126.jpg,COMPANY
126.jpg,NAME
126.jpg, 
126.jpg, 
126.jpg, 
126.jpg, 
126.jpg,lislogan
126.jpg,Sofware
126.jpg,INVOICE
126.jpg,“ae
126.jpg,Cr
126.jpg,roe
126.jpg,No:
126.jpg,GNB-01
126.jpg,ate:
126.jpg,#12816
126.jpg,ares
126.jpg,mot
126.jpg,Dus
126.jpg,"$0.00,"
126.jpg,Sz
126.jpg,aaa
126.jpg,age
126.jpg,SIE
126.jpg,109
126.jpg,New
126.jpg,Corporate
126.jpg,Identity
126.jpg,Dale
126.jpg,ale
126.jpg,Amount
126.jpg,sors
126.jpg,e000
126.jpg,07s
126.jpg,Gusti
126.jpg,Design
126.jpg,tr
126.jpg,Wee
126.jpg,lg
126.jpg,a
126.jpg,"arora,"
126.jpg,sors
126.jpg,Fat
126.jpg,Moone
126.jpg,8800
126.jpg,sores
126.jpg,wey
126.jpg,1
126.jpg,si
126.jpg,—
126.jpg,oe
126.jpg,Pace
126.jpg,1
126.jpg,5125000
126.jpg,ese
126.jpg,Tot
126.jpg,2090.00
126.jpg,2.51.00
126.jpg,somes
126.jpg,‘i
126.jpg,Expontos
126.jpg,Tota
126.jpg,7.00
126.jpg,‘Subtotal
126.jpg,"52,708.00"
126.jpg, 
126.jpg,Balance
126.jpg,"‘3,858.00"
126.jpg, 
129.jpg, 
136.jpg,G
136.jpg,Invoice
136.jpg,#123
136.jpg, 
136.jpg, 
136.jpg, 
136.jpg, 
136.jpg, 
137.jpg,ue
137.jpg,bate
137.jpg,36/07/2019
137.jpg, 
137.jpg, 
137.jpg, 
137.jpg, 
137.jpg, 
137.jpg, 
137.jpg, 
137.jpg, 
137.jpg, 
137.jpg, 
137.jpg, 
137.jpg, 
137.jpg, 
14.jpg,Acme
14.jpg,7
14.jpg,Queen
14.jpg,Steet
14.jpg,4
14.jpg,Company
14.jpg,name
14.jpg,Sample
14.jpg,invoice
14.jpg, 
14.jpg,"coves,"
14.jpg,:
14.jpg,so
14.jpg,"$5,500.00"
14.jpg, 
14.jpg,  
14.jpg,ue
14.jpg,Date
14.jpg, 
14.jpg, 
14.jpg,Onaio
14.jpg,ne
14.jpg,Desernten
14.jpg,Rave
14.jpg,By
14.jpg,no
14.jpg,Tel
14.jpg,"Project,"
14.jpg,ssovo.00
14.jpg,2
14.jpg,$800000
14.jpg,sponses
14.jpg,200.00
14.jpg,2
14.jpg,$500.00
14.jpg,Due
14.jpg,(CAD
14.jpg,ssson00
143.jpg, 
143.jpg, 
143.jpg, 
143.jpg, 
143.jpg, 
143.jpg, 
143.jpg, 
143.jpg, 
143.jpg, 
143.jpg, 
143.jpg,INVOICE
143.jpg,=
143.jpg,Hloom
143.jpg,_
143.jpg,Morch
143.jpg,"22,2036"
143.jpg,time
143.jpg,Company
143.jpg,Name
143.jpg,Company
143.jpg,Name
143.jpg,Serst
143.jpg,Address
143.jpg,Stree
143.jpg,Address
143.jpg,"City,"
143.jpg,2
143.jpg,Cade
143.jpg,(oy.
143.jpg,ST
143.jpg,Code
143.jpg,©
143.jpg,me
143.jpg,wom
143.jpg,Ot
143.jpg,a
143.jpg,|
143.jpg,©
143.jpg,ose
143.jpg,a
143.jpg,Pars
143.jpg,oi
143.jpg,pre
143.jpg,1
143.jpg,+
143.jpg,acl
143.jpg,opin
143.jpg,a
143.jpg,5
143.jpg,mien
143.jpg,a
143.jpg,se
143.jpg,a0
143.jpg,ence
143.jpg,te
143.jpg,nome
143.jpg,fo
143.jpg,at
143.jpg,AE
144.jpg, 
146.jpg,Invoice
146.jpg,No.
146.jpg,18-P-0023
146.jpg,ue
146.jpg,*
146.jpg,“2
146.jpg,at
146.jpg,oad
146.jpg,town
146.jpg,1117
146.jpg,Ca
146.jpg,Reg
146.jpg,No.
146.jpg,0395729
146.jpg,86709
146.jpg,‘annem
146.jpg, 
146.jpg,‘opulence
146.jpg,rage
146.jpg,wot
146.jpg,ce
146.jpg,geet
146.jpg,rae
146.jpg, 
146.jpg,tien
146.jpg,einen
146.jpg,fo
146.jpg,tg
146.jpg,nore
151.jpg,@
151.jpg, 
151.jpg, 
151.jpg, 
151.jpg, 
151.jpg, 
151.jpg, 
151.jpg, 
151.jpg, 
151.jpg,  
151.jpg, 
151.jpg,‘SHUTTER
151.jpg,UP
151.jpg,PHOTOGRAPHY
151.jpg,Invoice
151.jpg,Pay
151.jpg,Now
151.jpg,BALANCE
151.jpg,DUE
151.jpg,+
151.jpg,ED
151.jpg,©
155.jpg, 
155.jpg,INVOICE
155.jpg, 
155.jpg, 
155.jpg, 
155.jpg, 
155.jpg, 
155.jpg,   
155.jpg, 
155.jpg, 
155.jpg, 
155.jpg,AMOUNT
155.jpg,DUE
155.jpg,352.00
156.jpg, 
156.jpg, 
156.jpg, 
160.jpg,Invoice
160.jpg,"No,"
160.jpg,"INV-19-0053,"
160.jpg, 
160.jpg, 
160.jpg, 
160.jpg, 
160.jpg, 
160.jpg, 
160.jpg, 
160.jpg, 
160.jpg, 
160.jpg, 
160.jpg, 
160.jpg, 
160.jpg, 
160.jpg, 
160.jpg, 
160.jpg, 
160.jpg, 
160.jpg, 
160.jpg, 
160.jpg,‘ApULDING
160.jpg,COMPANY
160.jpg,‘rom
160.jpg,ond
160.jpg,000
160.jpg,Total
160.jpg,GaP
160.jpg,2240.00
160.jpg, 
160.jpg, 
160.jpg, 
160.jpg, 
163.jpg,wore
163.jpg,18May16
163.jpg,£2468.00
163.jpg, 
165.jpg,2468.00
165.jpg, 
166.jpg,Total:
166.jpg,$220.00
166.jpg, 
166.jpg, 
167.jpg, 
167.jpg, 
167.jpg, 
167.jpg, 
167.jpg, 
168.jpg,INVOICE
168.jpg, 
168.jpg, 
169.jpg,  
170.jpg,      
170.jpg,INVOICE
170.jpg, 
171.jpg,Invoice
171.jpg, 
171.jpg,   
171.jpg, 
171.jpg, 
171.jpg, 
171.jpg, 
171.jpg, 
171.jpg, 
171.jpg, 
171.jpg,‘THANK
171.jpg,YOU!
172.jpg, 
173.jpg, 
173.jpg, 
173.jpg, 
174.jpg,Invoice
174.jpg,to:
174.jpg, 
174.jpg, 
175.jpg,@
175.jpg,vee
175.jpg,"comrany,"
175.jpg, 
175.jpg,INVOICE.
175.jpg, 
175.jpg, 
175.jpg, 
175.jpg, 
176.jpg,INVOICE
176.jpg,EI
176.jpg,a
176.jpg,Seo
176.jpg, 
177.jpg,   
177.jpg, 
177.jpg,cote
177.jpg,INVOICE
178.jpg, 
178.jpg,INVOICE
178.jpg,   
179.jpg, 
181.jpg, 
183.jpg,Jhone
183.jpg,Doe.
183.jpg, 
183.jpg, 
183.jpg, 
184.jpg, 
184.jpg, 
186.jpg,INVOICE
186.jpg, 
187.jpg,Brand
187.jpg,Name
187.jpg,INVOICE
187.jpg, 
188.jpg,Brand
188.jpg,Name
188.jpg,INVOICE
188.jpg,  
189.jpg,INVOICE
189.jpg,©
189.jpg,Brand
189.jpg,Name
189.jpg,   
190.jpg,toy
190.jpg,INVOICE
190.jpg,Bran
190.jpg,Name
190.jpg, 
190.jpg,   
190.jpg,   
190.jpg,‘S000
190.jpg,  
190.jpg, 
191.jpg,OBeend
191.jpg, 
193.jpg,©
193.jpg,Beans
193.jpg,Name
193.jpg,INVOICE
193.jpg, 
194.jpg,Invoice
194.jpg,Project
194.jpg,Name
194.jpg, 
194.jpg, 
194.jpg, 
194.jpg, 
194.jpg, 
194.jpg, 
194.jpg, 
194.jpg, 
194.jpg, 
194.jpg,THANK
194.jpg,You!
194.jpg,oS
194.jpg,ZN
197.jpg,   
197.jpg, 
197.jpg,INVOICE
197.jpg, 
198.jpg, 
198.jpg,©
198.jpg,dreamstime.com
199.jpg, 
199.jpg, 
199.jpg, 
199.jpg,   
199.jpg, 
199.jpg, 
199.jpg, 
199.jpg, 
199.jpg, 
199.jpg, 
200.jpg,INVOICE
200.jpg,=
200.jpg, 
201.jpg,Invoice
201.jpg,THANK
201.jpg,YOU
201.jpg,FOR
201.jpg,YOUR
201.jpg,BUSINESS!
201.jpg, 
202.jpg,INVOICE
202.jpg, 
202.jpg, 
202.jpg,    
203.jpg,Q
203.jpg,Beans
203.jpg,Name
203.jpg,INVOICE
203.jpg, 
204.jpg, 
204.jpg,INVOICE
204.jpg,acne
204.jpg,On
204.jpg,ores
204.jpg,Bg
204.jpg,Denker
204.jpg,het
204.jpg,ene
204.jpg,meen
204.jpg,tore
204.jpg,tay
204.jpg,te
204.jpg,pers
204.jpg,een
204.jpg,GOWOGO
204.jpg,i
207.jpg, 
207.jpg,INVOICE
207.jpg,©
207.jpg, 
207.jpg, 
208.jpg,1)
208.jpg,Poe
208.jpg,"company,"
208.jpg, 
208.jpg, 
208.jpg, 
208.jpg, 
208.jpg, 
208.jpg,PROJECT:
208.jpg,DESIGN
208.jpg,QUOTATION
208.jpg,Zoe
208.jpg,Oa
208.jpg,nce
208.jpg,TOTAL
208.jpg,Tora
208.jpg,our
208.jpg,$
208.jpg,"2.110,00"
208.jpg,d.
208.jpg,008
208.jpg,Jane
208.jpg,questions
208.jpg,Payment
208.jpg,nt:
208.jpg,‘Terms
208.jpg,&
208.jpg,Condon
208.jpg,mal
208.jpg,count:
208.jpg,none
208.jpg,Dee
208.jpg,Lorem
208.jpg,ipsum
208.jpg,dolor
208.jpg,amet.
208.jpg,crea
208.jpg,sae
208.jpg,90
208.jpg,wens
208.jpg,on
208.jpg, 
209.jpg, 
209.jpg, 
21.jpg,INVOICE
21.jpg,=—s
21.jpg, 
21.jpg,SUBTOTAL
21.jpg,ore)
21.jpg,TX)
21.jpg,som
21.jpg,ToTAL
21.jpg,AMOUNT
21.jpg,pene
211.jpg,©
211.jpg,=
211.jpg,INVOICE
211.jpg,  
211.jpg, 
211.jpg, 
213.jpg, 
215.jpg,odoo
215.jpg,snare
215.jpg,ie
215.jpg,Invoice
215.jpg,To:
215.jpg,No:
215.jpg,"ameter,"
215.jpg,gees
215.jpg,‘Base
215.jpg,Avenue
215.jpg,oe
215.jpg,Bae
215.jpg,Le
215.jpg,Boume
215.jpg,i
215.jpg,"La,"
215.jpg,"P77,"
215.jpg, 
215.jpg,mal:
215.jpg,yates.
215.jpg,‘Order
215.jpg,Date:
215.jpg, 
215.jpg, 
215.jpg, 
215.jpg, 
215.jpg, 
215.jpg,ears
215.jpg,Pe
215.jpg,iy
215.jpg,te
215.jpg,AS
215.jpg,il
215.jpg,7
215.jpg,joan
215.jpg,apres
215.jpg,cos
215.jpg,598
215.jpg,sesso
215.jpg,5
215.jpg,PEN
215.jpg,nene
215.jpg,eT)
215.jpg,seainat
215.jpg,subTot
215.jpg,60540
215.jpg,ToTaL
215.jpg,$6095.40
215.jpg,Payment
215.jpg,4
215.jpg,Payment
215.jpg,Term:
215.jpg,Fi
215.jpg, 
215.jpg, 
215.jpg,company
215.jpg,Webs
215.jpg,is
215.jpg,aarcla
215.jpg,som
216.jpg,INVOICE
216.jpg, 
219.jpg, 
219.jpg,  
219.jpg, 
219.jpg, 
219.jpg, 
219.jpg, 
219.jpg,  
219.jpg, 
219.jpg, 
219.jpg, 
219.jpg, 
219.jpg, 
219.jpg, 
219.jpg, 
219.jpg, 
219.jpg, 
219.jpg, 
219.jpg, 
219.jpg, 
219.jpg, 
219.jpg, 
219.jpg, 
219.jpg, 
219.jpg, 
219.jpg, 
219.jpg, 
22.jpg, 
22.jpg,1%
22.jpg,Kavalo
22.jpg,14)
22.jpg,Taraneh
22.jpg,70h
22.jpg,New
22.jpg,2
22.jpg,November
22.jpg,"17,2006"
22.jpg,16124938
22.jpg,900
22.jpg, 
22.jpg,  
22.jpg, 
22.jpg, 
22.jpg, 
22.jpg, 
22.jpg, 
22.jpg, 
22.jpg, 
22.jpg, 
22.jpg, 
22.jpg, 
22.jpg, 
22.jpg, 
22.jpg, 
22.jpg, 
22.jpg,C815.
22.jpg,10
22.jpg,2000]
22.jpg,"4,200.08)"
22.jpg,76.50%
22.jpg,wore
22.jpg,ost
22.jpg,3.20%
22.jpg,397.38)
22.jpg,|
22.jpg,&
22.jpg,HANOUNG
22.jpg,Fs)
22.jpg,Torm
22.jpg,ove|
22.jpg,2402203
22.jpg, 
222.jpg,INVOICE
222.jpg,TEMPLATE
222.jpg,a
222.jpg,eames
222.jpg,oo
222.jpg,"Haron,"
222.jpg,OH
222.jpg,44418
222.jpg,|
222.jpg,Eat
222.jpg,te
222.jpg,mcs
222.jpg,oa
222.jpg,‘ATTN:
222.jpg,Name!
222.jpg,Dept
222.jpg,‘ATTN:
222.jpg,Name
222.jpg,/
222.jpg,Dept
222.jpg,Ccomsany
222.jpg,Name
222.jpg,(Company
222.jpg,Name
222.jpg,123
222.jpg,Man
222.jpg,Steet
222.jpg,‘125
222.jpg,Man
222.jpg,Sroet
222.jpg,"Harton,"
222.jpg,OH
222.jpg,44696
222.jpg,"Hamitor,"
222.jpg,OH
222.jpg,44816
222.jpg,(921)
222.jpg,456-7890
222.jpg,(621)
222.jpg,"456-7690,"
222.jpg,mal
222.jpg,0.0.
222.jpg,|
222.jpg,SHIP
222.jpg,‘SALESPERSON
222.jpg,|
222.jpg,FOR
222.jpg,|TERMS
222.jpg,TEM
222.jpg,HO.
222.jpg,an
222.jpg,|
222.jpg,|
222.jpg,Women's
222.jpg,Tat
222.jpg,M
222.jpg,10
222.jpg,$100.00
222.jpg,Moe's
222.jpg,Tal
222.jpg,-M
222.jpg,5
222.jpg,$100.00
222.jpg,casa
222.jpg,10
222.jpg,"$5.00,"
222.jpg,$80.00
222.jpg,eat
222.jpg,Meets
222.jpg,XL
222.jpg,5
222.jpg,"$1000,"
222.jpg,$50.00
222.jpg,$0.00
222.jpg,$0.00
222.jpg,$0.00
222.jpg,$0.00
222.jpg,$0.00
222.jpg,Remarks
222.jpg,/instctons:
222.jpg,susroTAL
222.jpg,$300.00
222.jpg,ox
222.jpg,300%
222.jpg,S110
222.jpg,SSHPPINGANOUNG
222.jpg,$90.00
222.jpg,Pasa
222.jpg,mate
222.jpg,check
222.jpg,pay
222.jpg,Your
222.jpg,Carary
222.jpg,Name
222.jpg,omer
222.jpg,$15.00
222.jpg,THANK
222.jpg,YOU
222.jpg,Tora
222.jpg,$956.40
222.jpg,Fer
222.jpg,questions
222.jpg,corcomig
222.jpg,his
222.jpg,"va,"
222.jpg,bos
222.jpg,cotact
222.jpg,"Nam,"
222.jpg,(321)
222.jpg,"486-7800,"
222.jpg,Eral
222.jpg,ne
222.jpg,com
222.jpg, 
223.jpg,NOTARY
223.jpg,INVOICE
223.jpg,TEMPLATE
223.jpg,‘Your
223.jpg,Business
223.jpg,Name
223.jpg,pare
223.jpg,123
223.jpg,Man
223.jpg,one
223.jpg,"amiton,"
223.jpg,OH
223.jpg,44418
223.jpg,(321)
223.jpg,486-7890
223.jpg,a6
223.jpg,DATE
223.jpg,PAYMENT
223.jpg,UE
223.jpg,Dept
223.jpg,Company
223.jpg,Name
223.jpg,456
223.jpg,Man
223.jpg,Sveet
223.jpg,OH
223.jpg,44416
223.jpg,(486)
223.jpg,321-7890
223.jpg,tit
223.jpg,of
223.jpg,any
223.jpg,pertnet
223.jpg,infomation
223.jpg,regarding
223.jpg,he
223.jpg,projet.
223.jpg,ome
223.jpg,DESCRIPTION
223.jpg,OF
223.jpg,WORK
223.jpg,HOURS
223.jpg,RATE
223.jpg,TOTAL
223.jpg,‘12078
223.jpg,[Documents
223.jpg,+5
223.jpg,25
223.jpg,322018
223.jpg,Other
223.jpg,30
223.jpg, 
223.jpg, 
223.jpg, 
223.jpg, 
223.jpg,Moke
223.jpg,checks
223.jpg,payable
223.jpg,to
223.jpg,THANK
223.jpg,YOU
223.jpg,‘er
223.jpg,"Pisce,"
223.jpg,pase
223.jpg,carat
223.jpg,"‘Name,"
223.jpg,(321)
223.jpg,"456-7800,"
223.jpg,mal
223.jpg,Adress
223.jpg,won
223.jpg,yourwabadéress.com
230.jpg,264
230.jpg,Downloadable
230.jpg,Invoice
230.jpg,Template
230.jpg, 
230.jpg,John
230.jpg,B08
230.jpg,Sample
230.jpg,Clent
230.jpg,‘Aug
230.jpg,"22,2020"
230.jpg,‘Sep
230.jpg,"22,2020"
230.jpg,Professional
230.jpg,Servicas
230.jpg,7
230.jpg,130500
230.jpg,omer
230.jpg,sences
230.jpg,2
230.jpg,$40.00
230.jpg,$480.00
230.jpg, 
230.jpg,‘158500
230.jpg,Total
230.jpg,Amount
230.jpg,"‘$1,585.00"
230.jpg,(USD)
230.jpg,  
230.jpg,The
230.jpg,clent
230.jpg,can
230.jpg,pay
230.jpg,via
230.jpg,wie
230.jpg,transferor
230.jpg,check.
230.jpg,‘The
230.jpg,cient
230.jpg,wl
230.jpg,not
230.jpg,pay
230.jpg,the
230.jpg,processing
230.jpg,fees
230.jpg,for
230.jpg,an
230.jpg,ontne
230.jpg,payment
230.jpg,aot?
235.jpg,INVOICE
235.jpg,=—s
235.jpg, 
235.jpg,SUBTOTAL
235.jpg,ore)
235.jpg,TX)
235.jpg,som
235.jpg,ToTAL
235.jpg,AMOUNT
235.jpg,pene
236.jpg,INVOICE
236.jpg, 
236.jpg, 
236.jpg, 
236.jpg, 
236.jpg, 
236.jpg, 
236.jpg,ae
236.jpg,=
236.jpg,$4520.00
236.jpg,"City,"
236.jpg,"State,"
236.jpg,County.
236.jpg,Cum
236.jpg,Orem
236.jpg,iy
236.jpg,pies
236.jpg,ar
236.jpg,arin
236.jpg,a
236.jpg,ao
236.jpg,=
236.jpg,cs
236.jpg,paral
236.jpg,fea
236.jpg,Ex
236.jpg,Pease
236.jpg,‘Amount
236.jpg,Due
236.jpg,(USD)
237.jpg,Invoice
237.jpg, 
237.jpg, 
237.jpg,Logo
237.jpg,‘Your
237.jpg,Company
237.jpg,Name
237.jpg,‘ess
237.jpg,iw
237.jpg,2
237.jpg,Cy
237.jpg,Pree
237.jpg,Ime
237.jpg,Date:
237.jpg,1840872021
237.jpg,Number:
237.jpg,1234
237.jpg,Cont
237.jpg,Reference:
237.jpg,To
237.jpg,Purchase
237.jpg,Ode:
237.jpg,customer
237.jpg,Company
237.jpg,DUEDATE:
237.jpg,10372021
237.jpg,custome
237.jpg,Noe
237.jpg,iy
237.jpg,‘Additional
237.jpg,information
237.jpg,‘a
237.jpg,sstonal
237.jpg,nab
237.jpg,urns
237.jpg,ters
237.jpg,hee
237.jpg,Description
237.jpg,ey
237.jpg,ve
237.jpg,‘ne
237.jpg,Tota
237.jpg,Brame
237.jpg,root
237.jpg,5
237.jpg,es
237.jpg, s0000
237.jpg,ramp
237.jpg,wr
237.jpg,0
237.jpg,fa
237.jpg,105000
237.jpg,‘5
237.jpg,Tots
237.jpg,138000
237.jpg,Total
237.jpg,amount
237.jpg,due
237.jpg,£120.00
237.jpg,cnt
237.jpg,maton
237.jpg,Pama
237.jpg,te
237.jpg,fea
237.jpg,Bacon
237.jpg,On
237.jpg,psc
237.jpg,cut
237.jpg,scone
237.jpg,are
244.jpg,o
244.jpg,o
244.jpg,logo
244.jpg,|
244.jpg,|
244.jpg,JOB
244.jpg,DESCRIPTION
244.jpg,QUANTITY
244.jpg, 
244.jpg,‘weng
244.jpg,"pletures,"
244.jpg,June
244.jpg,16.2016
244.jpg,2
244.jpg,002
244.jpg,Oe
244.jpg,10
244.jpg,@
244.jpg,invoiceserry
244.jpg,INVOICE
244.jpg, 
244.jpg,ATE
244.jpg,2016
244.jpg,‘s20
244.jpg,20
244.jpg,UNIT
244.jpg,PRICE
244.jpg,|S
247.jpg,©
247.jpg,Bang
247.jpg,Name
247.jpg, 
248.jpg,©
248.jpg,Band
248.jpg,Name
248.jpg,INVOICE
248.jpg, 
249.jpg,   
249.jpg, 
249.jpg,ee
250.jpg, 
250.jpg,  
250.jpg, 
250.jpg,INVOICE
29.jpg, 
29.jpg, 
29.jpg,{Company
29.jpg,Name]
29.jpg,INVOICE
29.jpg,(steal
29.jpg,Ades)
29.jpg,2
29.jpg,voice
29.jpg,are
29.jpg, 
29.jpg, 
29.jpg, 
29.jpg,hora
29.jpg,[company
29.jpg,nar
29.jpg,[St
29.jpg,Adee)
29.jpg,[ony
29.jpg,St
29.jpg,7)
29.jpg,(Phos
29.jpg,[erat
29.jpg,Actes
29.jpg, 
29.jpg, 
29.jpg, 
29.jpg, 
29.jpg, 
29.jpg, 
29.jpg,Thank
29.jpg,you
29.jpg,foryour
29.jpg,busses?
29.jpg,TOTAL
29.jpg,$551.56
29.jpg, 
29.jpg,Phore
29.jpg,com
29.jpg, 
29.jpg, 
32.jpg,1298
32.jpg,Photography
32.jpg,Invoice
32.jpg,Template
32.jpg, 
32.jpg,John
32.jpg,Doe
32.jpg,Sample
32.jpg,Clent
32.jpg,‘Aug
32.jpg,"22,2020"
32.jpg,‘Sep
32.jpg,"22,2020"
32.jpg,Protooraphy
32.jpg,2
32.jpg,‘500.00
32.jpg,3176000
32.jpg,omer
32.jpg,sences
32.jpg,8
32.jpg,$40.00
32.jpg,$320.00
32.jpg, 
32.jpg,2080.00
32.jpg,Total
32.jpg,Amount
32.jpg,"$2,080.00"
32.jpg,(USD)
32.jpg,  
32.jpg,The
32.jpg,clent
32.jpg,can
32.jpg,pay
32.jpg,via
32.jpg,wie
32.jpg,transferor
32.jpg,check.
32.jpg,‘The
32.jpg,cient
32.jpg,wl
32.jpg,not
32.jpg,pay
32.jpg,the
32.jpg,processing
32.jpg,fees
32.jpg,for
32.jpg,an
32.jpg,online
32.jpg,payment
32.jpg,aot?
34.jpg,INVOICE
34.jpg,«eos:
34.jpg, 
34.jpg,‘co
34.jpg,Sarge
34.jpg,Soot
34.jpg,YOUR
34.jpg,LOGO
34.jpg,ene
34.jpg,kings
34.jpg,HERE
34.jpg,Date:
34.jpg,15062011
34.jpg,|
34.jpg,VAT
34.jpg,Number:
34.jpg,1234567
34.jpg,Do
34.jpg,oo
34.jpg,coco
34.jpg,[oo
34.jpg,|
34.jpg, 
34.jpg,10000
34.jpg,wisi
34.jpg,atest
34.jpg,poo
34.jpg,oo
34.jpg,=
34.jpg,Preset
34.jpg,Ths
34.jpg,»
34.jpg,>
34.jpg,oo
34.jpg,1
34.jpg,EN
34.jpg,‘to
34.jpg,‘Tom
34.jpg,crt
34.jpg,19%
34.jpg,1700
34.jpg,ease
34.jpg,pay
34.jpg,your
34.jpg,invoice
34.jpg,within
34.jpg,30
34.jpg,days
34.jpg,of
34.jpg,receiving
34.jpg,it.
34.jpg,These
34.jpg,are
34.jpg,ou
34.jpg,tema
34.jpg,and
34.jpg,“Tank
34.jpg,you
34.jpg,beng
34.jpg,our
34.jpg,ester
34.jpg, 
34.jpg, 
34.jpg, 
34.jpg,Peon
34.jpg,U1
34.jpg,es
34.jpg,st
34.jpg,wing
34.jpg,st
35.jpg,Brubaker
35.jpg,"9.0,"
35.jpg,Productions
35.jpg, 
35.jpg,  
35.jpg, 
35.jpg, 
35.jpg,INVOICE
35.jpg,#
35.jpg,0018
35.jpg, 
35.jpg, 
35.jpg, 
35.jpg, 
35.jpg, 
35.jpg,on
35.jpg,Price
35.jpg, 
35.jpg, 
35.jpg,Thank
35.jpg,you
35.jpg,very
35.jpg,much!
37.jpg,Brand
37.jpg,Name
37.jpg,Invoice
37.jpg,to
37.jpg,Jack
37.jpg,Thomson
37.jpg,24
37.jpg,Dummy
37.jpg,Street
37.jpg,Ave
37.jpg,Location.
37.jpg,Larem
37.jpg,Ipsum
37.jpg,123
37.jpg,"4795220,"
37.jpg,   
37.jpg,25a
37.jpg,01/02/2018
37.jpg,yf
37.jpg, 
37.jpg, 
37.jpg,‘Thank
37.jpg,you
37.jpg,for
37.jpg,your
37.jpg,business
37.jpg,SUBTOTAL:
37.jpg,Tax
37.jpg,0.00%
37.jpg,ino
37.jpg,urn
37.jpg,af
37.jpg,bak
37.jpg,ee
37.jpg,een
37.jpg,eee
37.jpg,ee
37.jpg,ror
37.jpg,ts
37.jpg,che
38.jpg,INVOICE
38.jpg,pant
38.jpg, 
38.jpg, 
38.jpg, 
38.jpg, 
38.jpg, 
38.jpg, 
38.jpg, 
38.jpg, 
38.jpg, 
38.jpg, 
38.jpg, 
38.jpg, 
38.jpg, 
38.jpg, 
38.jpg, 
38.jpg, 
38.jpg,‘eo
38.jpg,ean
38.jpg,ee
38.jpg,SK
38.jpg,Sie
38.jpg,Te
38.jpg, 
38.jpg, 
38.jpg, 
38.jpg, 
38.jpg, 
38.jpg, 
38.jpg, 
38.jpg,echt
38.jpg,pantie
38.jpg,My
38.jpg,Company
38.jpg,‘Trek
38.jpg,yu
38.jpg,for
38.jpg,ou
38.jpg,bushes
38.jpg,Pome
38.jpg,dein
38.jpg,30
38.jpg,dee
39.jpg,Hilltop
39.jpg,Bootcamp
39.jpg, 
39.jpg,New
39.jpg,Invoice
39.jpg,$180.00
39.jpg,due
39.jpg,on
39.jpg,Feb.
39.jpg,"1,"
39.jpg,2018
39.jpg,Invoice
39.jpg,#3214
39.jpg,January
39.jpg,"25,"
39.jpg,2018
39.jpg,Customer
39.jpg,Elizabeth
39.jpg,Jones
39.jpg,elizabethjones@square.com
39.jpg,We
39.jpg,look
39.jpg,forward
39.jpg,to
39.jpg,working
39.jpg,with
39.jpg,you
39.jpg,in
39.jpg,2018!
39.jpg,Personal
39.jpg,Training
39.jpg,Session
39.jpg,-
39.jpg,20-pack
39.jpg,$180.00
39.jpg,Subtotal
39.jpg,$180.00
39.jpg,Tax
39.jpg,$0.00
39.jpg,Total
39.jpg,Due
39.jpg,$180.00
39.jpg,Hilltop
39.jpg,Bootcamp
39.jpg,Security
39.jpg,|
39.jpg,Privacy
39.jpg,©
39.jpg,2018
39.jpg,"Square,"
39.jpg,Inc.
4.jpg,ime
4.jpg,YOUR
4.jpg,LOGO
4.jpg, 
4.jpg,  
4.jpg, 
4.jpg, 
4.jpg,aa
4.jpg,HERE
4.jpg,amo
4.jpg,Cart
4.jpg,Lee
4.jpg,ins
4.jpg,Sarge
4.jpg,fee
4.jpg,100
4.jpg,Sample
4.jpg,Steet
4.jpg,aa
4.jpg,eae
4.jpg,ae
4.jpg,rar
4.jpg,Shad
4.jpg,ington
4.jpg,peat
4.jpg,10000
4.jpg,nooo
4.jpg,Teapot
4.jpg,ina
4.jpg,trae
4.jpg,‘ooo
4.jpg,‘
4.jpg,eons
4.jpg,Tin
4.jpg,pant
4.jpg,‘00
4.jpg,5
4.jpg,Pret?
4.jpg,1000
4.jpg,1
4.jpg,pny
4.jpg,‘700
4.jpg,ar
4.jpg,Tet
4.jpg,cs
4.jpg,lease
4.jpg,pay
4.jpg,your
4.jpg,invoice
4.jpg,within
4.jpg,30
4.jpg,days
4.jpg,of
4.jpg,receiving
4.jpg,it
4.jpg,Terms
4.jpg,‘These
4.jpg,are
4.jpg,cutee
4.jpg,nd
4.jpg,Notes
4.jpg,Thank
4.jpg,you
4.jpg,fr
4.jpg,Being
4.jpg,ou
4.jpg,customer.
4.jpg,Pow
4.jpg,‘Ti
4.jpg,meee
4.jpg,was
4.jpg,sat
4.jpg,in
4.jpg,com
42.jpg, 
42.jpg,[COMPANY
42.jpg,NAME]
42.jpg,INVOICE
42.jpg, 
42.jpg, 
42.jpg, 
42.jpg, 
42.jpg, 
42.jpg, 
42.jpg, 
42.jpg, 
42.jpg, 
42.jpg, 
42.jpg, 
42.jpg, 
42.jpg, 
42.jpg, 
42.jpg, 
42.jpg, 
42.jpg,Dare:
42.jpg,Deemer
42.jpg,207
42.jpg,econ
42.jpg,‘00
42.jpg,mocerora[
42.jpg,$
42.jpg,866.00
42.jpg,Name
42.jpg,rom
42.jpg,FR
42.jpg,a
42.jpg,=
42.jpg,I
42.jpg,sai
42.jpg,poe
42.jpg,i
42.jpg,pan
42.jpg,ee
42.jpg, 
42.jpg, 
43.jpg,T
43.jpg,INVOICE
43.jpg,Cc
43.jpg,April
43.jpg,Test
43.jpg,Company
43.jpg, 
43.jpg, 
43.jpg,2
43.jpg,Test
43.jpg,Wat
43.jpg,Invoice
43.jpg,#:
43.jpg,06737
43.jpg,Denver.
43.jpg,cO
43.jpg,80202
43.jpg,Invoice
43.jpg,Date:
43.jpg,Phone:
43.jpg,(905)
43.jpg,555-1111
43.jpg,Fax:
43.jpg,(9038)
43.jpg,111-5555
43.jpg,‘sales@apritest
43.jpg,com
43.jpg,Som
43.jpg,Pest
43.jpg,123
43.jpg,Any
43.jpg,St
43.jpg,"Denver,"
43.jpg,CO
43.jpg,80202
43.jpg,‘spetiggmat
43.jpg,"com,"
43.jpg,ty
43.jpg,“Amount
43.jpg,200
43.jpg,$60.00
43.jpg,‘Subtotal:
43.jpg,$60.00
43.jpg,Discount
43.jpg,(2.80%):
43.jpg,($150)
43.jpg,‘Total
43.jpg,Due:
43.jpg,388.80
43.jpg,‘Thank
43.jpg,you
43.jpg,for
43.jpg,your
43.jpg,usiness
43.jpg,and
43.jpg,have
43.jpg,a
43.jpg,great
43.jpg,day!
44.jpg,Invoice
44.jpg,—
44.jpg,100002
44.jpg, 
44.jpg,=
44.jpg,By
44.jpg,ohn
44.jpg,Smith
44.jpg,(oon
44.jpg,ain
44.jpg,someieter
44.jpg,com
44.jpg,as)
44.jpg,anne
44.jpg,3
44.jpg,duet
44.jpg,‘0000
44.jpg,$0000
44.jpg,Produ
44.jpg,2
44.jpg,$300.00
44.jpg,S200.
44.jpg,2
44.jpg,Serdce
44.jpg,1
44.jpg,3000
44.jpg,‘300.00
44.jpg,:
44.jpg,Serdce?
44.jpg,12000
44.jpg,12000
44.jpg,a
44.jpg,AMOUNT
44.jpg,DUE
44.jpg,SubTowt
44.jpg,—$322000
44.jpg,Tax)
44.jpg,5.00%
44.jpg,‘otal
44.jpg,Amount
44.jpg,"$3,381.00"
45.jpg,{Company
45.jpg,Name)
45.jpg,PRO
45.jpg,FORMA
45.jpg,INVOICE
45.jpg, 
45.jpg,  
45.jpg,  
45.jpg, 
45.jpg, 
45.jpg,   
45.jpg,[Street
45.jpg,Address}
45.jpg,Date
45.jpg,4/1/2084
45.jpg,he
45.jpg,Brice
45.jpg,Os
45.jpg,Fax
45.jpg,fo00-000:0000)
45.jpg,Wesste
45.jpg,SHIPPING
45.jpg,DeTAL
45.jpg,‘Nel
45.jpg,ina
45.jpg,Freght
45.jpg,Type
45.jpg,Oran}
45.jpg,{Company
45.jpg,Name}
45.jpg,{Company
45.jpg,Nave
45.jpg,Cute
45.jpg,[Dae
45.jpg,{Sees
45.jpg,adores}
45.jpg,{Sues
45.jpg,adores]
45.jpg,Et
45.jpg,Gres
45.jpg,Wel
45.jpg,eg
45.jpg,nits
45.jpg,"{City,"
45.jpg,ST
45.jpg,ZIP}
45.jpg,"(City,"
45.jpg,ST
45.jpg,ZIP}
45.jpg,Est
45.jpg,Cubic
45.jpg,Weigl
45.jpg,[weight]
45.jpg,[units
45.jpg,"[Phone],"
45.jpg,"[Phone],"
45.jpg,Total
45.jpg,Packages
45.jpg,[Qty]
45.jpg,NUMBE_MEASUR
45.jpg,DESC
45.jpg,GIy
45.jpg,Price
45.jpg,TAK
45.jpg,_
45.jpg,AMOUNT
45.jpg,pounds
45.jpg,arn
45.jpg,ABC
45.jpg,Baas
45.jpg,Tae
45.jpg,Sabot
45.jpg,Table
45.jpg,ad
45.jpg,tems
45.jpg,of
45.jpg,sale
45.jpg,eter
45.jpg,forraton
45.jpg,ex
45.jpg,lnc
45.jpg,amen
45.jpg,ts
45.jpg,ssh
45.jpg,w
45.jpg,tert
45.jpg,Grd
45.jpg,Oven
45.jpg,eto
45.jpg,or
45.jpg,eas
45.jpg, 
45.jpg,[ADDITIONAL
45.jpg,DETAILS
45.jpg,County
45.jpg,of
45.jpg,Origin
45.jpg,(Country)
45.jpg,Port
45.jpg,of
45.jpg,Embarkation
45.jpg,Port
45.jpg,of
45.jpg,Discharge
45.jpg,[Name]
45.jpg,Reason
45.jpg,for
45.jpg,Export:
46.jpg,Your
46.jpg,Company
46.jpg,Name
46.jpg,‘sweat
46.jpg,acess
46.jpg,iy.
46.jpg,STP
46.jpg,Code
46.jpg,DATE:
46.jpg,208
46.jpg,ten
46.jpg,Wee
46.jpg,Asters
46.jpg,oe
46.jpg, 
46.jpg, 
46.jpg, 
46.jpg, 
46.jpg,|
46.jpg,Sa
46.jpg,Rap.
46.jpg,Mane
46.jpg,[Ship
46.jpg,Shipvin
46.jpg,[Town
46.jpg,[Ove
46.jpg,Oe
46.jpg,05
46.jpg,|
46.jpg,Sones
46.jpg,UPS.
46.jpg,Ma?
46.jpg, 
46.jpg, 
46.jpg, 
46.jpg,‘ToraL
46.jpg,ove
46.jpg, 
46.jpg, 
46.jpg, 
46.jpg, 
46.jpg,YOU
46.jpg,FOR
46.jpg,YOUR
46.jpg,BUSINESS!
55.jpg,Invoice
55.jpg, 
55.jpg, 
55.jpg,‘Your
55.jpg,Company
55.jpg,Name
55.jpg,‘estos
55.jpg,ino?
55.jpg,(ty.
55.jpg,Invoice
55.jpg,Date:
55.jpg,140032024
55.jpg,Invoice
55.jpg,Number:
55.jpg,1234
55.jpg,Cent
55.jpg,Reference
55.jpg,To
55.jpg,Purchase
55.jpg,Order
55.jpg,customer
55.jpg,Company
55.jpg,DUE
55.jpg,DATE:
55.jpg,1802021
55.jpg,customer
55.jpg,Name
55.jpg,(Cy.
55.jpg,Poste
55.jpg,‘Additional
55.jpg,information
55.jpg,ad
55.jpg,any
55.jpg,acinal
55.jpg,nstucters
55.jpg,res
55.jpg,nee
55.jpg,Description
55.jpg,VAT
55.jpg,VAT
55.jpg,Total
55.jpg,rs)
55.jpg,2%
55.jpg,£6000
55.jpg,£30000
55.jpg,Exampe
55.jpg,wort
55.jpg,woh
55.jpg,ao
55.jpg,21000
55.jpg,‘sub
55.jpg,Total
55.jpg,€125000
55.jpg,TotalvaT
55.jpg, €
55.jpg,27000
55.jpg,Total
55.jpg,amount
55.jpg,due
55.jpg,€
55.jpg,1
55.jpg,"620,00"
55.jpg,ages
55.jpg,ues
55.jpg,toma
55.jpg,Paper
55.jpg,te
55.jpg,Sea
55.jpg,one
55.jpg,Baca
55.jpg,PC
55.jpg,ty
55.jpg,38
58.jpg, 
58.jpg,INVOICE
58.jpg, 
58.jpg, 
58.jpg,April
58.jpg,Test
58.jpg,Company
58.jpg,invoice
58.jpg,#:
58.jpg,000
58.jpg,CO
58.jpg,#0202
58.jpg,invoice
58.jpg,Date:
58.jpg,1172012
58.jpg,‘Prone:
58.jpg,(303)
58.jpg,555.991
58.jpg,Poe
58.jpg,Fax
58.jpg,G03)
58.jpg,111-5555
58.jpg,‘swesaorest
58.jpg,com
58.jpg,Sam
58.jpg,Pe
58.jpg,123
58.jpg,Any
58.jpg,St
58.jpg,CO
58.jpg,#0202
58.jpg,"com,"
58.jpg,em
58.jpg,Description
58.jpg,Oty
58.jpg,Price
58.jpg,Amount
58.jpg,Giant
58.jpg,Green
58.jpg,Toe
58.jpg,Geven
58.jpg,Widget
58.jpg,There
58.jpg,1.00
58.jpg,$0000
58.jpg,«$0000
58.jpg,Brown
58.jpg,Saggy
58.jpg,Astancan
58.jpg,widget
58.jpg,1000
58.jpg,S200
58.jpg,7
58.jpg,State
58.jpg,Tax
58.jpg,(4.00%):
58.jpg,31328
58.jpg,‘otal
58.jpg,Due:
58.jpg,pen
58.jpg,‘A
58.jpg,10.00%
58.jpg,late
58.jpg,fe
58.jpg,wil
58.jpg,be
58.jpg,assessed
58.jpg,if
58.jpg,ths
58.jpg,invoice
58.jpg,not
58.jpg,paid
58.jpg,in
58.jpg,ful
58.jpg,by
58.jpg,‘Save
58.jpg,10.0%
58.jpg,($3453)
58.jpg,pay
58.jpg,your
58.jpg,invoice
58.jpg,by
58.jpg,122012
58.jpg,‘Thans
58.jpg,you
58.jpg,for
58.jpg,your
58.jpg,business
58.jpg,and
58.jpg,have
58.jpg,a
58.jpg,great
58.jpg,day!
60.jpg,Inc
60.jpg,0
60.jpg,toe
60.jpg,ares
60.jpg,Some
60.jpg,Mone
60.jpg,nos
60.jpg,Modern
60.jpg,"Heating,"
60.jpg,Cooling
60.jpg,&
60.jpg,Plumbing
60.jpg,LLC
60.jpg,er
60.jpg,BaTo
60.jpg,tre
60.jpg,oto
60.jpg,WN
60.jpg,1
60.jpg,War
60.jpg,sda
60.jpg,cee
60.jpg,Danes
60.jpg,1
60.jpg,_and
60.jpg,found
60.jpg,biower
60.jpg,motor
60.jpg,shorted
60.jpg,10
60.jpg,Bower
60.jpg,bad
60.jpg,=~
60.jpg,2
60.jpg,ta
60.jpg,so
60.jpg,2
60.jpg,er
60.jpg,1
60.jpg,sso
60.jpg,$1485.00
60.jpg,Tal
60.jpg,Balance
60.jpg,Due
60.jpg,"$1,468.00"
60.jpg,coe
64.jpg, 
64.jpg, 
64.jpg, 
64.jpg,RR
64.jpg,Green
64.jpg,Acres
64.jpg,7
64.jpg,we
64.jpg, 
64.jpg, 
64.jpg,Eaenton
64.jpg,AB
64.jpg, 
64.jpg, 
64.jpg,For
64.jpg, 
64.jpg,Ns:
64.jpg,Description
64.jpg,of
64.jpg,services
64.jpg,rendered
64.jpg, 
64.jpg,oe
64.jpg,—
64.jpg,a
64.jpg,sitio!
64.jpg,16500
64.jpg, 
64.jpg,(160%)
64.jpg,2475
64.jpg, 
64.jpg, 
64.jpg, 
64.jpg, 
64.jpg, 
69.jpg, 
69.jpg,Corporate
69.jpg,Letterhead
69.jpg,Block
69.jpg, 
69.jpg, 
69.jpg, 
69.jpg, 
69.jpg, 
69.jpg, 
69.jpg, 
69.jpg, 
69.jpg, 
69.jpg,5000
69.jpg,del
69.jpg,Drive
69.jpg,Site
69.jpg,2500
69.jpg,"‘AnypldTows,"
69.jpg,"NY,"
69.jpg,"12800,"
69.jpg,USA
69.jpg,|
69.jpg,com
69.jpg,914)
69.jpg,9954550
69.jpg,|
69.jpg,INVOICE
69.jpg,INVOICE
69.jpg,NO:
69.jpg,20xx354
69.jpg,TE:
69.jpg,1igonox%
69.jpg,TO:
69.jpg,FROM:
69.jpg,‘Aste:
69.jpg,Energy
69.jpg,Systens
69.jpg,Robert
69.jpg,Cesterser
69.jpg,Ass
69.jpg,Rye
69.jpg,cnt)
69.jpg,St
69.jpg,Laurent.
69.jpg,GO
69.jpg,4S
69.jpg,141
69.jpg,DESCRIPTION
69.jpg,cost:
69.jpg,Conic
69.jpg,ofa
69.jpg,Stalecic
69.jpg,Phuning
69.jpg,Review
69.jpg,and
69.jpg,of
69.jpg,aComponte
69.jpg,Business
69.jpg,Plan
69.jpg,fir
69.jpg,Aster
69.jpg,Energy
69.jpg,Syst
69.jpg,to
69.jpg,cover
69.jpg,the
69.jpg,period
69.jpg,to
69.jpg,203
69.jpg,as
69.jpg,‘permenorandam
69.jpg,of
69.jpg,dated
69.jpg,2X.
69.jpg,Itemized
69.jpg,cots
69.jpg,a8
69.jpg,fellows
69.jpg,"1,000"
69.jpg,1.
69.jpg,Project
69.jpg,"sutistion,"
69.jpg,reseach
69.jpg,and
69.jpg,37000
69.jpg,2.
69.jpg,Meotmgy
69.jpg,and
69.jpg,prepstation
69.jpg,of
69.jpg,for
69.jpg,Stratecic
69.jpg,Session
69.jpg,220009
69.jpg,3.
69.jpg,f2-Day
69.jpg,Strategic
69.jpg,Plaming
69.jpg,Sesion
69.jpg,4.
69.jpg,Drafting
69.jpg,of
69.jpg,Business
69.jpg,Plan
69.jpg,formanagamant
69.jpg,review
69.jpg,140000
69.jpg,5.
69.jpg,Reviving
69.jpg,and
69.jpg,finalizing
69.jpg,report
69.jpg,as
69.jpg,per
69.jpg,mamagement
69.jpg,comments
69.jpg,110000
69.jpg,6.
69.jpg,presatation
69.jpg,ad
69.jpg,of
69.jpg,ial
69.jpg,mpost
69.jpg,20012
69.jpg,7.
69.jpg,Traveland
69.jpg,acsommodation
69.jpg,expenses
69.jpg,(as
69.jpg,per
69.jpg,attached
69.jpg,receipts)
69.jpg,1.53300
69.jpg,8.
69.jpg,Services
69.jpg,Tax
69.jpg,at
69.jpg,9%
69.jpg,"1,757.48"
69.jpg,9
69.jpg,Pry
69.jpg,Tart
69.jpg,75%
69.jpg,TOTAL:
69.jpg,"$25,190.60"
69.jpg,TERMS:
69.jpg,Paymat
69.jpg,in
69.jpg,fll
69.jpg,due
69.jpg,within
69.jpg,30
69.jpg,days
69.jpg,of
69.jpg,awoice
69.jpg,"date,"
69.jpg,Interest
69.jpg,chuge
69.jpg,a
69.jpg,1.25%
69.jpg,par
69.jpg,day.
69.jpg,SIGNATURI
69.jpg, 
69.jpg, 
69.jpg, 
69.jpg, 
69.jpg, 
71.jpg, 
71.jpg,woo35
71.jpg,Invoice
71.jpg,for
71.jpg,order
71.jpg,2339
71.jpg,(Order
71.jpg,Date:
71.jpg,2019-03-26
71.jpg,Billing
71.jpg,Address
71.jpg,Shipping
71.jpg,Shipping
71.jpg,Address
71.jpg,Method
71.jpg,Ua
71.jpg,0000
71.jpg,vest
71.jpg,te
71.jpg,rue
71.jpg,rate
71.jpg,Va
71.jpg,"00000,"
71.jpg,ee
71.jpg,Payment
71.jpg,method:
71.jpg,Direct
71.jpg,tank
71.jpg,Customer
71.jpg,Details
71.jpg, 
73.jpg,QO
73.jpg,Magento”
73.jpg, 
73.jpg, 
73.jpg,INVOICE
73.jpg,#INVI00200
73.jpg, 
73.jpg, 
73.jpg,  
73.jpg, 
74.jpg,@
74.jpg,Matt
74.jpg,Olpinski
74.jpg,‘Amount
74.jpg,Due
77.jpg,+
77.jpg,Supplier
77.jpg,Company
77.jpg,Name
77.jpg,Invoice
77.jpg,‘Super
77.jpg,Steet
77.jpg,aasress
77.jpg, 
77.jpg, 
77.jpg, 
77.jpg, 
77.jpg, 
77.jpg, 
77.jpg, 
77.jpg, 
77.jpg, 
77.jpg, 
77.jpg, 
77.jpg, 
77.jpg, 
77.jpg, 
77.jpg, 
77.jpg, 
77.jpg,ay
77.jpg,Sata
77.jpg,(Example
77.jpg,Only)
77.jpg,Fax
77.jpg,00
77.jpg,"000.0000,"
77.jpg,no:
77.jpg,123456
77.jpg,‘DATE:
77.jpg,May
77.jpg,"10,"
77.jpg,2008
77.jpg,Ship
77.jpg,To:
77.jpg,Bil
77.jpg,To:
77.jpg,©
77.jpg,intel
77.jpg,Corporation
77.jpg,©
77.jpg,sett
77.jpg,Corporation
77.jpg,Santa
77.jpg,a
77.jpg,"Fatebor,"
77.jpg,OR
77.jpg,9720-1000
77.jpg,SALESPERSON
77.jpg,|
77.jpg,PO.
77.jpg,NOWEER
77.jpg,|
77.jpg,UATE
77.jpg,SHPPED
77.jpg,[SHIPPED
77.jpg,VA
77.jpg,|
77.jpg,FOE
77.jpg,FONT
77.jpg,|
77.jpg,TERNS
77.jpg,Ours
77.jpg,BAIS
77.jpg,"Days,"
77.jpg,Net
77.jpg,5
77.jpg,[O
77.jpg,LINE
77.jpg,RELEASEIDELIVERY
77.jpg,DESCRIPTION
77.jpg,INTEL
77.jpg,PIN
77.jpg,|
77.jpg,UNTTPRICE
77.jpg,[AMOUNT
77.jpg,oor
77.jpg,Labor
77.jpg,Paint
77.jpg,the
77.jpg,risers
77.jpg,end
77.jpg,stingers
77.jpg,|
77.jpg,7000.00
77.jpg,onl
77.jpg,ve
77.jpg,in
77.jpg,RNB
77.jpg,wth
77.jpg,ake
77.jpg,match
77.jpg,alr
77.jpg,ox
77.jpg,Pat
77.jpg,sso00
77.jpg,|
77.jpg,180000
77.jpg,‘susToTaL|
77.jpg,650000
77.jpg,12975
77.jpg,©
77.jpg,suppric
77.jpg,&
77.jpg,oo
77.jpg,roratove|
77.jpg,962375
77.jpg, 
77.jpg, 
77.jpg, 
77.jpg,Tips
77.jpg,to
77.jpg,Remember
77.jpg,When
77.jpg,Invoicing
77.jpg,Intl
77.jpg,eres
77.jpg,must
77.jpg,he
77.jpg,sume
77.jpg,reread
77.jpg,on
77.jpg,na
77.jpg,"Or,"
77.jpg,there
77.jpg,has
77.jpg,buena
77.jpg,henge
77.jpg,©
77.jpg,neice
77.jpg,Telnaes
77.jpg,must
77.jpg,be
77.jpg,Lue
77.jpg,rate
77.jpg,an
77.jpg,8
77.jpg,eh
77.jpg,spe
77.jpg,oie
77.jpg,one
77.jpg,©
77.jpg,es
77.jpg,ne
77.jpg,sae
77.jpg,Sp
77.jpg,"To"""
77.jpg,ass
77.jpg,one
77.jpg,cee
77.jpg,©
77.jpg,sana
77.jpg,Bi
77.jpg,Ts
77.jpg,aere
77.jpg,sown
77.jpg,on
77.jpg,be
77.jpg,Cry.
77.jpg,Note:
77.jpg,mio
77.jpg,Dic
77.jpg,"adresses,"
77.jpg,Passe
77.jpg,‘Raabe
77.jpg,mea
77.jpg,Sr
77.jpg,>
77.jpg,mates
77.jpg,he
77.jpg,Oro
77.jpg,prac
77.jpg,ewes
77.jpg,©
77.jpg,he
77.jpg,Pons
77.jpg,Over
77.jpg,nner
77.jpg,anima
77.jpg,Pusnase
77.jpg,cer
77.jpg,alse.
77.jpg,Puente
77.jpg,oer
77.jpg,©
77.jpg,masini
77.jpg,chro
77.jpg,eng
77.jpg,or
77.jpg,neve
77.jpg,na
77.jpg,urs
77.jpg,floes
77.jpg,ny
77.jpg,mens
77.jpg,a
77.jpg, 
77.jpg,ine
77.jpg,tres
77.jpg,"i"""
77.jpg,hein
77.jpg,ae
77.jpg,be
77.jpg,nvoced
77.jpg,an
77.jpg,italy
77.jpg,Tmt
77.jpg,ox
77.jpg,Prasat
77.jpg,and
77.jpg,ects
77.jpg,nel
77.jpg,wi
77.jpg,when
77.jpg,the
77.jpg,Purchase
77.jpg,rer
77.jpg,ny
77.jpg, 
81.jpg,‘©
81.jpg,Supplier
81.jpg,Company
81.jpg,Name
81.jpg,Supt:
81.jpg, 
81.jpg, 
81.jpg,Invoice
81.jpg, 
81.jpg, 
81.jpg, 
81.jpg, 
81.jpg, 
81.jpg, 
81.jpg, 
81.jpg, 
81.jpg, 
81.jpg, 
81.jpg, 
81.jpg, 
81.jpg, 
81.jpg, 
81.jpg, 
81.jpg,ses
81.jpg,ene
81.jpg,te
81.jpg,ocal
81.jpg,ver
81.jpg,oo)
81.jpg,invoice
81.jpg,no:
81.jpg,123456
81.jpg,EN
81.jpg,snow:
81.jpg,©
81.jpg,SRS
81.jpg,lan
81.jpg,Supine
81.jpg,ne
81.jpg,ent
81.jpg,SALESPERSON
81.jpg,[FO
81.jpg,HOSER
81.jpg,AE
81.jpg,[FOE
81.jpg,FORT]
81.jpg,Oreos
81.jpg,Ours
81.jpg,nes
81.jpg,CNTY
81.jpg,JO
81.jpg,EL
81.jpg,pw
81.jpg,|
81.jpg,—ONTPRCE
81.jpg,|
81.jpg,—
81.jpg,OORT
81.jpg,En
81.jpg,Tab
81.jpg,Patn
81.jpg,eas
81.jpg,|
81.jpg,—
81.jpg,|]
81.jpg,—rmooni
81.jpg,stay
81.jpg,0
81.jpg,partonic
81.jpg,br
81.jpg,oa
81.jpg,ae
81.jpg,Po
81.jpg,|
81.jpg,ssmoow:
81.jpg,suomi]
81.jpg,—
81.jpg,000
81.jpg, 
81.jpg,Important
81.jpg,Tips
81.jpg,to
81.jpg,Remember
81.jpg,When
81.jpg,voicing
81.jpg,Intl
81.jpg,©
81.jpg,nave
81.jpg,anentance
81.jpg,aes
81.jpg,muse
81.jpg,he
81.jpg,ane
81.jpg,sleet
81.jpg,ete
81.jpg,Puchase
81.jpg,Oe
81.jpg,ete
81.jpg,as
81.jpg,ena
81.jpg,cbc
81.jpg,pea
81.jpg,pees
81.jpg,oor
81.jpg,©
81.jpg,ccs
81.jpg,mus
81.jpg,bene
81.jpg,ptr
81.jpg,nen
81.jpg,ft
81.jpg,a
81.jpg,ed
81.jpg,gn
81.jpg,©
81.jpg,snp
81.jpg,Tasers
81.jpg,the
81.jpg,Oe
81.jpg,©
81.jpg,te
81.jpg,coe
81.jpg,2H
81.jpg,1
81.jpg,hae
81.jpg,ne
81.jpg,ote
81.jpg,Purchase
81.jpg,Oke
81.jpg,   
81.jpg, 
81.jpg,ec
81.jpg,el
81.jpg,Pachse
81.jpg,Ore
81.jpg,laencedon
81.jpg,the
81.jpg,Puchare
81.jpg,Oe
81.jpg,lug
81.jpg,"alms,"
81.jpg,(poe
81.jpg,ex
81.jpg,me
81.jpg,eng
81.jpg,wince
81.jpg,sme
81.jpg,sone
81.jpg,toned
81.jpg,oy
81.jpg,hovers
81.jpg,ee?
81.jpg,Wnts
81.jpg,sare
81.jpg,miner
81.jpg,uch
81.jpg,abe
81.jpg,send
81.jpg,on
81.jpg,soe
81.jpg,©
81.jpg,toe
81.jpg,ode
81.jpg,meee
81.jpg,sheng
81.jpg,eme
81.jpg,ss
81.jpg,Peps
81.jpg,the
81.jpg,eg
81.jpg,charges
81.jpg,wee
81.jpg,be
81.jpg,ws
81.jpg,pay
81.jpg,Sue
81.jpg,may
81.jpg,eek
81.jpg,Cag
81.jpg,tee
81.jpg,en
81.jpg,eee
81.jpg,ne
81.jpg,NOT
81.jpg,tbe
81.jpg,sede
81.jpg,ont
81.jpg,eet.
84.jpg,»fleetwise
84.jpg, 
84.jpg,TAX
84.jpg,INVOICE
84.jpg,retort
84.jpg,—
84.jpg,Canty
84.jpg,tre
84.jpg,Amit
84.jpg,io
84.jpg,ass
84.jpg,rome
84.jpg,moter
84.jpg,ste
84.jpg,ret
84.jpg,ic
84.jpg,vee
84.jpg,+
84.jpg,by
89.jpg,CONTOSO
89.jpg,LTD.
89.jpg,INVOICE
89.jpg,anata
89.jpg,Invorce
89.jpg,ates
89.jpg,SERVICE
89.jpg,PERIOD:
89.jpg,1/14/2019
89.jpg,~
89.jpg,1/14/2023
89.jpg, 
89.jpg, 
89.jpg, 
89.jpg, 
89.jpg, 
89.jpg, 
89.jpg, 
89.jpg, 
89.jpg, 
89.jpg, 
89.jpg, 
89.jpg, 
89.jpg, 
89.jpg, 
89.jpg,2a
89.jpg,ust
89.jpg,Lashes.
89.jpg,123
89.jpg,Service
89.jpg,SALESRSON
89.jpg,|
89.jpg,|
89.jpg,SHIPPED
89.jpg,Via
89.jpg,[
89.jpg,FO
89.jpg,PONT]
89.jpg,TERMS
89.jpg,DATE
89.jpg,TeMcoOE
89.jpg,Demnpnow
89.jpg,aN]
89.jpg,um
89.jpg,|
89.jpg,eRCe
89.jpg,|
89.jpg,Tak
89.jpg,AMOUNT
89.jpg,|
89.jpg,Seven
89.jpg,2
89.jpg,|
89.jpg,hos
89.jpg,10%
89.jpg,sence
89.jpg,Shun
89.jpg,|
89.jpg,Document
89.jpg,Fee
89.jpg,z
89.jpg,Ty
89.jpg,ea
89.jpg,e780
89.jpg,Fre
89.jpg,To
89.jpg,[pases
89.jpg,eT
89.jpg,$160.09
89.jpg,snes
89.jpg,"tora,"
89.jpg,tinea
89.jpg,awauni
89.jpg,pu
89.jpg,"$810.09,"
89.jpg, 
90.jpg, 
90.jpg, 
90.jpg, 
90.jpg, 
90.jpg,‘VENDOR
90.jpg,Paragon
90.jpg,See!
90.jpg,Finley
90.jpg,Perry
90.jpg,774
90.jpg,Moulton
90.jpg,Road
90.jpg,Gwaenysgor
90.jpg,United
90.jpg,Kingdom
90.jpg,BILLED
90.jpg,TO
90.jpg,‘Stel
90.jpg,Bese
90.jpg,Productions
90.jpg,Lid
90.jpg,200
90.jpg,Katimavik
90.jpg,"Road,"
90.jpg,Suite
90.jpg,201
90.jpg,Ono
90.jpg,Ka
90.jpg,Canada
90.jpg,Invoice
90.jpg,Record
90.jpg,Invoice
90.jpg,Number:
90.jpg,10401241
90.jpg,Invoiee
90.jpg,Date:
90.jpg,October
90.jpg,"8,"
90.jpg,2018
90.jpg,(Created
90.jpg,By:
90.jpg,Douglas
90.jpg,Falcon
90.jpg,Duc
90.jpg,Date:
90.jpg,November
90.jpg,"82018,"
90.jpg,"P.O,"
90.jpg,Number:
90.jpg,PO-SteeiBearL
90.jpg,4.00135
90.jpg, 
90.jpg,Invoice
90.jpg,Status:
90.jpg,Approved
90.jpg,for
90.jpg,Payment
90.jpg, 
90.jpg, 
90.jpg, 
90.jpg, 
90.jpg, 
90.jpg, 
90.jpg, 
90.jpg, 
90.jpg, 
90.jpg, 
90.jpg, 
90.jpg, 
90.jpg, 
90.jpg, 
90.jpg,Payment
90.jpg,Terms:
90.jpg,Neto
90.jpg,Invoice
90.jpg,Notes:
90.jpg,Payment
90.jpg,due
90.jpg,30
90.jpg,days
90.jpg,fom
90.jpg,date
90.jpg,"issued,"
90.jpg,Wa]
90.jpg,Ow
90.jpg,|
90.jpg,[Suber
90.jpg,5
90.jpg,sae]
90.jpg,om
90.jpg,Torn
90.jpg,EAD
90.jpg, 
90.jpg, 
97.jpg,CLicedhoices
97.jpg,Invoice
97.jpg,i
97.jpg,=
97.jpg,on)
97.jpg,a
97.jpg,tte
97.jpg,coe
97.jpg,omnia
97.jpg,=
97.jpg,a
97.jpg,te
97.jpg,ample
97.jpg,Cent
97.jpg,Business
97.jpg,123
97.jpg,sth
97.jpg,ic
97.jpg,"3000,"
97.jpg,vary
97.jpg,SubTotal
